{
    "name": "scene_08",
    "camera": {
        "position": {
            "x": 0.0,
            "y": 0.0,
            "z": -27.829999923706056
        },
        "rotation": {
            "x": 0.0,
            "y": 0.0,
            "z": 0.0,
            "w": 1.0
        },
        "fov": 60.0
    },
    "lights": [
        {
            "color": {
                "x": 0.0,
                "y": 0.0,
                "z": 0.0
            },
            "intensity": 1.0,
            "position": {
                "x": 0.0,
                "y": 0.0,
                "z": 0.0
            },
            "rotation": {
                "x": 0.0,
                "y": 0.0,
                "z": 0.0,
                "w": 0.0
            },
            "scale": {
                "x": 0.0,
                "y": 0.0,
                "z": 0.0
            }
        }
    ],
    "objects": [
        {
            "mesh": "cube",
            "material": "DiffuseColorMaterial",
            "position": {
                "x": 0.0,
                "y": 0.0,
                "z": 0.0
            },
            "rotation": {
                "x": -0.13273556530475617,
                "y": -0.27419957518577578,
                "z": -0.06942254304885864,
                "w": 0.9499350190162659
            },
            "scale": {
                "x": 1.0,
                "y": 20.0,
                "z": 20.0
            }
        },
        {
            "mesh": "cube",
            "material": "EqualizerMaterial",
            "position": {
                "x": -3.7799999713897707,
                "y": -0.6899999976158142,
                "z": 1.090000033378601
            },
            "rotation": {
                "x": -0.11230714619159699,
                "y": -0.11106576770544052,
                "z": 0.7356069087982178,
                "w": 0.6587367057800293
            },
            "scale": {
                "x": 1.0,
                "y": 20.0,
                "z": 20.0
            }
        },
        {
            "mesh": "cube",
            "material": "UnlitColorMaterial",
            "position": {
                "x": -0.15000000596046449,
                "y": -3.9100000858306886,
                "z": -2.7799999713897707
            },
            "rotation": {
                "x": -0.7310330271720886,
                "y": 0.5240804553031921,
                "z": 0.23494185507297517,
                "w": 0.368419349193573
            },
            "scale": {
                "x": 1.0,
                "y": 20.0,
                "z": 20.0
            }
        },
        {
            "mesh": "cube",
            "material": "WaveMaterial",
            "position": {
                "x": 0.07000000029802323,
                "y": -4.489999771118164,
                "z": 3.8499999046325685
            },
            "rotation": {
                "x": -0.6420001983642578,
                "y": 0.3244147300720215,
                "z": -0.13456684350967408,
                "w": 0.6815296411514282
            },
            "scale": {
                "x": 1.0,
                "y": 20.0,
                "z": 20.0
            }
        },
        {
            "mesh": "cube",
            "material": "Texture",
            "position": {
                "x": 0.8299999833106995,
                "y": -7.179999828338623,
                "z": 2.259999990463257
            },
            "rotation": {
                "x": -0.20954404771327973,
                "y": 0.7209458351135254,
                "z": 0.27088314294815066,
                "w": 0.6024540662765503
            },
            "scale": {
                "x": 1.0,
                "y": 20.0,
                "z": 20.0
            }
        }
    ]
}